--
-- Script was generated by Devart dbForge Studio 2019 for SQL Server, Version 5.8.127.0
-- Product home page: http://www.devart.com/dbforge/sql/studio
-- Script date 11/07/2021 23:35:28
-- Server version: 11.00.7001
-- SCRIPT PARA CREAR LA BASE DE DATOS


SET DATEFORMAT ymd
SET ARITHABORT, ANSI_PADDING, ANSI_WARNINGS, CONCAT_NULL_YIELDS_NULL, QUOTED_IDENTIFIER, ANSI_NULLS, NOCOUNT ON
SET NUMERIC_ROUNDABORT, IMPLICIT_TRANSACTIONS, XACT_ABORT OFF
GO

USE RENOEDB
GO

IF DB_NAME() <> N'RENOEDB' SET NOEXEC ON
GO

--
-- Create table [dbo].[ventasdet]
--
PRINT (N'Create table [dbo].[ventasdet]')
GO
CREATE TABLE dbo.ventasdet (
  id int IDENTITY,
  idv int NOT NULL,
  partida int NULL,
  codigo varchar(16) NULL,
  cantidad float NULL,
  precio float NULL,
  costo float NULL,
  impuesto float NULL,
  descuento float NULL,
  totalpart float NULL,
  almacen int NULL,
  CONSTRAINT PK_ventasdet PRIMARY KEY CLUSTERED (id, idv)
)
ON [PRIMARY]
GO

--
-- Create table [dbo].[ventas]
--
PRINT (N'Create table [dbo].[ventas]')
GO
CREATE TABLE dbo.ventas (
  id int IDENTITY,
  fecha datetime NULL,
  clie int NULL,
  almacen int NULL,
  nit varchar(20) NULL,
  status varchar(1) NULL,
  referencia varchar(50) NULL,
  total float NULL,
  impuesto float NULL,
  descuento float NULL,
  CONSTRAINT PK_ventas PRIMARY KEY CLUSTERED (id)
)
ON [PRIMARY]
GO

--
-- Create table [dbo].[proveedores]
--
PRINT (N'Create table [dbo].[proveedores]')
GO
CREATE TABLE dbo.proveedores (
  id int IDENTITY,
  nit varchar(20) NULL,
  nombre varchar(100) NULL,
  direccion varchar(100) NULL,
  telefono varchar(20) NULL,
  saldo float NULL,
  status varchar(1) NULL,
  CONSTRAINT PK_proveedores PRIMARY KEY CLUSTERED (id)
)
ON [PRIMARY]
GO

--
-- Create table [dbo].[productos]
--
PRINT (N'Create table [dbo].[productos]')
GO
CREATE TABLE dbo.productos (
  codigo varchar(16) NOT NULL,
  descripcion varchar(100) NULL,
  linea varchar(5) NULL,
  codigobarra varchar(16) NULL,
  precio float NULL,
  status int NULL,
  marca varchar(50) NULL,
  categoria varchar(20) NULL,
  existenciag float NULL CONSTRAINT DF_productos_existenciag DEFAULT (0),
  ultcomp float NULL CONSTRAINT DF_productos_ultcomp DEFAULT (0),
  fechaultcomp datetime NULL,
  costoprom float NULL CONSTRAINT DF_productos_costoprom DEFAULT (0),
  CONSTRAINT PK_productos PRIMARY KEY CLUSTERED (codigo)
)
ON [PRIMARY]
GO

--
-- Create table [dbo].[multialmacenes]
--
PRINT (N'Create table [dbo].[multialmacenes]')
GO
CREATE TABLE dbo.multialmacenes (
  codigo varchar(16) NOT NULL,
  almacen int NOT NULL,
  existencia float NULL,
  stockmin float NULL,
  stockmax float NULL,
  status int NULL,
  CONSTRAINT PK_multialmacenes_codigo PRIMARY KEY CLUSTERED (codigo, almacen)
)
ON [PRIMARY]
GO

--
-- Create table [dbo].[movimientos]
--
PRINT (N'Create table [dbo].[movimientos]')
GO
CREATE TABLE dbo.movimientos (
  id int IDENTITY,
  codigo varchar(16) NOT NULL,
  almacen int NOT NULL,
  concepto int NOT NULL,
  fechahora datetime NULL,
  referencia varchar(50) NULL,
  clieprov int NULL,
  cantidad float NULL,
  precio float NULL,
  costo float NULL,
  existenciah float NULL,
  signo int NULL,
  CONSTRAINT PK_movimientos PRIMARY KEY CLUSTERED (id, codigo, almacen, concepto)
)
ON [PRIMARY]
GO

--
-- Create table [dbo].[conceptos]
--
PRINT (N'Create table [dbo].[conceptos]')
GO
CREATE TABLE dbo.conceptos (
  id int NOT NULL,
  concepto varchar(50) NULL,
  signo int NULL,
  CONSTRAINT PK_conceptops PRIMARY KEY CLUSTERED (id)
)
ON [PRIMARY]
GO

--
-- Create table [dbo].[comprasdet]
--
PRINT (N'Create table [dbo].[comprasdet]')
GO
CREATE TABLE dbo.comprasdet (
  id int IDENTITY,
  idc int NOT NULL,
  partida int NULL,
  codigo varchar(16) NULL,
  cantidad float NULL,
  precio float NULL,
  costo float NULL,
  impuesto float NULL,
  descuento float NULL,
  totalpart float NULL,
  almacen int NULL,
  CONSTRAINT PK_comprasdet PRIMARY KEY CLUSTERED (id, idc)
)
ON [PRIMARY]
GO

--
-- Create table [dbo].[compras]
--
PRINT (N'Create table [dbo].[compras]')
GO
CREATE TABLE dbo.compras (
  id int IDENTITY,
  fecha datetime NULL,
  prov int NULL,
  almacen int NULL,
  nit varchar(20) NULL,
  status varchar(1) NULL,
  referencia varchar(50) NULL,
  total float NULL,
  impuesto float NULL,
  descuento float NULL,
  CONSTRAINT PK_compras PRIMARY KEY CLUSTERED (id)
)
ON [PRIMARY]
GO

--
-- Create table [dbo].[clientes]
--
PRINT (N'Create table [dbo].[clientes]')
GO
CREATE TABLE dbo.clientes (
  id int IDENTITY,
  nit varchar(20) NULL,
  nombre varchar(100) NULL,
  direccion varchar(100) NULL,
  telefono varchar(20) NULL,
  saldo float NULL,
  status varchar(1) NULL,
  CONSTRAINT PK_clientes PRIMARY KEY CLUSTERED (id)
)
ON [PRIMARY]
GO

--
-- Create table [dbo].[almacenes]
--
PRINT (N'Create table [dbo].[almacenes]')
GO
CREATE TABLE dbo.almacenes (
  almacen int IDENTITY,
  nombre varchar(50) NULL,
  direccion varchar(100) NULL,
  encargado varchar(50) NULL,
  status int NULL,
  CONSTRAINT PK_almacenes PRIMARY KEY CLUSTERED (almacen)
)
ON [PRIMARY]
GO
-- 
-- Dumping data for table almacenes
--
PRINT (N'Dumping data for table almacenes')
SET IDENTITY_INSERT dbo.almacenes ON
GO
INSERT dbo.almacenes(almacen, nombre, direccion, encargado, status) VALUES (1, 'Reno Roosevelt', 'CC Gran Tikal Futura', 'Marcos Perez', 1)
INSERT dbo.almacenes(almacen, nombre, direccion, encargado, status) VALUES (2, 'Reno Majadas', 'CC Las Majadas', 'Saul Mendez', 1)
INSERT dbo.almacenes(almacen, nombre, direccion, encargado, status) VALUES (3, 'Reno San Cristobal', 'Plaza San Cristobal', 'Miguel Taj', 1)
GO
SET IDENTITY_INSERT dbo.almacenes OFF
GO
-- 
-- Dumping data for table clientes
--
PRINT (N'Dumping data for table clientes')
SET IDENTITY_INSERT dbo.clientes ON
GO
INSERT dbo.clientes(id, nit, nombre, direccion, telefono, saldo, status) VALUES (1, '37255436', 'Carlos Cordova', 'ciudad', '', 1000, 'A')
INSERT dbo.clientes(id, nit, nombre, direccion, telefono, saldo, status) VALUES (2, 'cf', 'Fatima Cordova', 'Antigua Guatemala', '5452-0000', 1, 'A')
GO
SET IDENTITY_INSERT dbo.clientes OFF
GO
-- 
-- Dumping data for table compras
--
PRINT (N'Dumping data for table compras')
SET IDENTITY_INSERT dbo.compras ON
GO
INSERT dbo.compras(id, fecha, prov, almacen, nit, status, referencia, total, impuesto, descuento) VALUES (1, '2020-01-30 00:00:00.000', 1, 0, NULL, NULL, NULL, 0, 0, 0)
INSERT dbo.compras(id, fecha, prov, almacen, nit, status, referencia, total, impuesto, descuento) VALUES (2, '2020-01-30 00:00:00.000', 1, 0, NULL, NULL, NULL, 0, 0, 0)
INSERT dbo.compras(id, fecha, prov, almacen, nit, status, referencia, total, impuesto, descuento) VALUES (3, '2020-01-30 00:00:00.000', 2, 1, 'CF', 'O', NULL, 1, 0, 0)
INSERT dbo.compras(id, fecha, prov, almacen, nit, status, referencia, total, impuesto, descuento) VALUES (4, '2020-01-29 15:05:59.000', 2, 1, 'CF', 'O', NULL, 1, 0, 0)
INSERT dbo.compras(id, fecha, prov, almacen, nit, status, referencia, total, impuesto, descuento) VALUES (5, '2020-01-29 15:05:59.000', 2, 1, 'CF', 'O', NULL, 1, 0, 0)
INSERT dbo.compras(id, fecha, prov, almacen, nit, status, referencia, total, impuesto, descuento) VALUES (6, '2020-01-29 15:05:59.000', 2, 1, 'CF', 'O', NULL, 1, 0, 0)
INSERT dbo.compras(id, fecha, prov, almacen, nit, status, referencia, total, impuesto, descuento) VALUES (7, '2020-01-29 15:05:59.000', 2, 1, 'CF', 'O', NULL, 1, 0, 0)
INSERT dbo.compras(id, fecha, prov, almacen, nit, status, referencia, total, impuesto, descuento) VALUES (8, '2020-01-29 15:05:59.000', 2, 1, 'CF', 'O', NULL, 1, 0, 0)
INSERT dbo.compras(id, fecha, prov, almacen, nit, status, referencia, total, impuesto, descuento) VALUES (9, '2020-01-29 15:05:59.000', 2, 1, 'CF', 'O', NULL, 1, 0, 0)
INSERT dbo.compras(id, fecha, prov, almacen, nit, status, referencia, total, impuesto, descuento) VALUES (10, '2020-01-29 15:05:59.000', 1, 2, 'CF', 'O', NULL, 1, 0, 0)
INSERT dbo.compras(id, fecha, prov, almacen, nit, status, referencia, total, impuesto, descuento) VALUES (11, '2020-01-29 15:05:59.000', 1, 2, 'CF', 'O', NULL, 1, 0, 0)
INSERT dbo.compras(id, fecha, prov, almacen, nit, status, referencia, total, impuesto, descuento) VALUES (12, '2020-01-29 15:05:59.000', 1, 2, 'CF', 'O', NULL, 1, 0, 0)
INSERT dbo.compras(id, fecha, prov, almacen, nit, status, referencia, total, impuesto, descuento) VALUES (13, '2020-01-29 15:05:59.000', 1, 2, 'CF', 'O', NULL, 1, 0, 0)
INSERT dbo.compras(id, fecha, prov, almacen, nit, status, referencia, total, impuesto, descuento) VALUES (14, '2020-01-29 15:05:59.000', 2, 1, 'CF', 'O', NULL, 1, 0, 0)
INSERT dbo.compras(id, fecha, prov, almacen, nit, status, referencia, total, impuesto, descuento) VALUES (15, '2012-04-21 17:25:43.000', 2, 2, NULL, 'O', NULL, 1, 0, 0)
INSERT dbo.compras(id, fecha, prov, almacen, nit, status, referencia, total, impuesto, descuento) VALUES (16, '2012-04-21 17:25:43.000', 2, 1, NULL, 'O', NULL, 0, 0, 0)
INSERT dbo.compras(id, fecha, prov, almacen, nit, status, referencia, total, impuesto, descuento) VALUES (17, '2012-04-21 17:25:43.000', 2, 1, NULL, 'O', NULL, 0, 0, 0)
GO
SET IDENTITY_INSERT dbo.compras OFF
GO
-- 
-- Dumping data for table comprasdet
--
PRINT (N'Dumping data for table comprasdet')
SET IDENTITY_INSERT dbo.comprasdet ON
GO
INSERT dbo.comprasdet(id, idc, partida, codigo, cantidad, precio, costo, impuesto, descuento, totalpart, almacen) VALUES (1, 8, 1, 'PROD01', 2, 0, 0, 0, NULL, 0, 0)
INSERT dbo.comprasdet(id, idc, partida, codigo, cantidad, precio, costo, impuesto, descuento, totalpart, almacen) VALUES (2, 8, 1, 'PROD02', 2, 0, 0, 0, NULL, 0, 0)
INSERT dbo.comprasdet(id, idc, partida, codigo, cantidad, precio, costo, impuesto, descuento, totalpart, almacen) VALUES (3, 9, 1, 'PROD01', 2, 0, 0, 0, NULL, 0, 1)
INSERT dbo.comprasdet(id, idc, partida, codigo, cantidad, precio, costo, impuesto, descuento, totalpart, almacen) VALUES (4, 9, 2, 'PROD02', 2, 0, 0, 0, NULL, 0, 1)
INSERT dbo.comprasdet(id, idc, partida, codigo, cantidad, precio, costo, impuesto, descuento, totalpart, almacen) VALUES (5, 10, 1, 'PROD01', 2, 0, 0, 0, NULL, 0, 2)
INSERT dbo.comprasdet(id, idc, partida, codigo, cantidad, precio, costo, impuesto, descuento, totalpart, almacen) VALUES (6, 10, 2, 'PROD02', 2, 0, 0, 0, NULL, 0, 2)
INSERT dbo.comprasdet(id, idc, partida, codigo, cantidad, precio, costo, impuesto, descuento, totalpart, almacen) VALUES (7, 10, 3, 'PROD03', 2, 0, 0, 0, NULL, 0, 2)
INSERT dbo.comprasdet(id, idc, partida, codigo, cantidad, precio, costo, impuesto, descuento, totalpart, almacen) VALUES (8, 11, 1, 'PROD01', 2, 0, 0, 0, NULL, 0, 2)
INSERT dbo.comprasdet(id, idc, partida, codigo, cantidad, precio, costo, impuesto, descuento, totalpart, almacen) VALUES (9, 11, 2, 'PROD02', 2, 0, 0, 0, NULL, 0, 2)
INSERT dbo.comprasdet(id, idc, partida, codigo, cantidad, precio, costo, impuesto, descuento, totalpart, almacen) VALUES (10, 11, 3, 'PROD03', 2, 0, 0, 0, NULL, 0, 2)
INSERT dbo.comprasdet(id, idc, partida, codigo, cantidad, precio, costo, impuesto, descuento, totalpart, almacen) VALUES (11, 12, 1, 'PROD01', 2, 0, 0, 0, NULL, 0, 2)
INSERT dbo.comprasdet(id, idc, partida, codigo, cantidad, precio, costo, impuesto, descuento, totalpart, almacen) VALUES (12, 12, 2, 'PROD02', 2, 0, 0, 0, NULL, 0, 2)
INSERT dbo.comprasdet(id, idc, partida, codigo, cantidad, precio, costo, impuesto, descuento, totalpart, almacen) VALUES (13, 12, 3, 'PROD03', 2, 0, 0, 0, NULL, 0, 2)
INSERT dbo.comprasdet(id, idc, partida, codigo, cantidad, precio, costo, impuesto, descuento, totalpart, almacen) VALUES (14, 13, 1, 'PROD01', 2, 0, 0, 0, NULL, 0, 2)
INSERT dbo.comprasdet(id, idc, partida, codigo, cantidad, precio, costo, impuesto, descuento, totalpart, almacen) VALUES (15, 13, 2, 'PROD02', 2, 0, 0, 0, NULL, 0, 2)
INSERT dbo.comprasdet(id, idc, partida, codigo, cantidad, precio, costo, impuesto, descuento, totalpart, almacen) VALUES (16, 13, 3, 'PROD03', 2, 0, 0, 0, NULL, 0, 2)
INSERT dbo.comprasdet(id, idc, partida, codigo, cantidad, precio, costo, impuesto, descuento, totalpart, almacen) VALUES (17, 14, 1, 'PROD01', 2, 0, 0, 0, NULL, 0, 1)
INSERT dbo.comprasdet(id, idc, partida, codigo, cantidad, precio, costo, impuesto, descuento, totalpart, almacen) VALUES (18, 14, 2, 'PROD02', 2, 0, 0, 0, NULL, 0, 1)
INSERT dbo.comprasdet(id, idc, partida, codigo, cantidad, precio, costo, impuesto, descuento, totalpart, almacen) VALUES (19, 14, 3, 'PROD03', 2, 0, 0, 0, NULL, 0, 1)
INSERT dbo.comprasdet(id, idc, partida, codigo, cantidad, precio, costo, impuesto, descuento, totalpart, almacen) VALUES (20, 15, 1, 'PROD01', 199, 0, 0, 0, NULL, 0, 2)
INSERT dbo.comprasdet(id, idc, partida, codigo, cantidad, precio, costo, impuesto, descuento, totalpart, almacen) VALUES (21, 16, 1, 'PROD03', 150, 0, 0, 0, NULL, 0, 1)
INSERT dbo.comprasdet(id, idc, partida, codigo, cantidad, precio, costo, impuesto, descuento, totalpart, almacen) VALUES (22, 17, 1, 'PROD03', 1120, 0, 0, 0, NULL, 0, 1)
GO
SET IDENTITY_INSERT dbo.comprasdet OFF
GO
-- 
-- Dumping data for table conceptos
--
PRINT (N'Dumping data for table conceptos')
INSERT dbo.conceptos VALUES (1, 'compras', 1)
INSERT dbo.conceptos VALUES (2, 'ventas', -1)
GO
-- 
-- Dumping data for table movimientos
--
PRINT (N'Dumping data for table movimientos')
SET IDENTITY_INSERT dbo.movimientos ON
GO
INSERT dbo.movimientos(id, codigo, almacen, concepto, fechahora, referencia, clieprov, cantidad, precio, costo, existenciah, signo) VALUES (1, 'PROD01', 1, 1, '2021-07-11 09:28:11.387', '9', 2, 2, 0, 0, 2, 1)
INSERT dbo.movimientos(id, codigo, almacen, concepto, fechahora, referencia, clieprov, cantidad, precio, costo, existenciah, signo) VALUES (2, 'PROD02', 1, 1, '2021-07-11 09:28:11.390', '9', 2, 2, 0, 0, 2, 1)
INSERT dbo.movimientos(id, codigo, almacen, concepto, fechahora, referencia, clieprov, cantidad, precio, costo, existenciah, signo) VALUES (3, 'PROD01', 2, 1, '2021-07-11 09:30:41.230', '10', 1, 2, 0, 0, 2, 1)
INSERT dbo.movimientos(id, codigo, almacen, concepto, fechahora, referencia, clieprov, cantidad, precio, costo, existenciah, signo) VALUES (4, 'PROD02', 2, 1, '2021-07-11 09:30:41.237', '10', 1, 2, 0, 0, 2, 1)
INSERT dbo.movimientos(id, codigo, almacen, concepto, fechahora, referencia, clieprov, cantidad, precio, costo, existenciah, signo) VALUES (5, 'PROD03', 2, 1, '2021-07-11 09:30:41.240', '10', 1, 2, 0, 0, NULL, 1)
INSERT dbo.movimientos(id, codigo, almacen, concepto, fechahora, referencia, clieprov, cantidad, precio, costo, existenciah, signo) VALUES (6, 'PROD01', 2, 1, '2021-07-11 09:36:49.080', '11', 1, 2, 0, 0, 2, 1)
INSERT dbo.movimientos(id, codigo, almacen, concepto, fechahora, referencia, clieprov, cantidad, precio, costo, existenciah, signo) VALUES (7, 'PROD02', 2, 1, '2021-07-11 09:36:49.083', '11', 1, 2, 0, 0, 2, 1)
INSERT dbo.movimientos(id, codigo, almacen, concepto, fechahora, referencia, clieprov, cantidad, precio, costo, existenciah, signo) VALUES (8, 'PROD03', 2, 1, '2021-07-11 09:36:49.087', '11', 1, 2, 0, 0, NULL, 1)
INSERT dbo.movimientos(id, codigo, almacen, concepto, fechahora, referencia, clieprov, cantidad, precio, costo, existenciah, signo) VALUES (9, 'PROD01', 2, 1, '2021-07-11 09:36:55.110', '12', 1, 2, 0, 0, 4, 1)
INSERT dbo.movimientos(id, codigo, almacen, concepto, fechahora, referencia, clieprov, cantidad, precio, costo, existenciah, signo) VALUES (10, 'PROD02', 2, 1, '2021-07-11 09:36:55.117', '12', 1, 2, 0, 0, 4, 1)
INSERT dbo.movimientos(id, codigo, almacen, concepto, fechahora, referencia, clieprov, cantidad, precio, costo, existenciah, signo) VALUES (11, 'PROD03', 2, 1, '2021-07-11 09:36:55.120', '12', 1, 2, 0, 0, NULL, 1)
INSERT dbo.movimientos(id, codigo, almacen, concepto, fechahora, referencia, clieprov, cantidad, precio, costo, existenciah, signo) VALUES (12, 'PROD01', 2, 1, '2021-07-11 09:37:00.890', '13', 1, 2, 0, 0, 6, 1)
INSERT dbo.movimientos(id, codigo, almacen, concepto, fechahora, referencia, clieprov, cantidad, precio, costo, existenciah, signo) VALUES (13, 'PROD02', 2, 1, '2021-07-11 09:37:00.893', '13', 1, 2, 0, 0, 6, 1)
INSERT dbo.movimientos(id, codigo, almacen, concepto, fechahora, referencia, clieprov, cantidad, precio, costo, existenciah, signo) VALUES (14, 'PROD03', 2, 1, '2021-07-11 09:37:00.893', '13', 1, 2, 0, 0, NULL, 1)
INSERT dbo.movimientos(id, codigo, almacen, concepto, fechahora, referencia, clieprov, cantidad, precio, costo, existenciah, signo) VALUES (15, 'PROD01', 1, 1, '2021-07-11 09:37:18.303', '14', 2, 2, 0, 0, 2, 1)
INSERT dbo.movimientos(id, codigo, almacen, concepto, fechahora, referencia, clieprov, cantidad, precio, costo, existenciah, signo) VALUES (16, 'PROD02', 1, 1, '2021-07-11 09:37:18.303', '14', 2, 2, 0, 0, 2, 1)
INSERT dbo.movimientos(id, codigo, almacen, concepto, fechahora, referencia, clieprov, cantidad, precio, costo, existenciah, signo) VALUES (17, 'PROD03', 1, 1, '2021-07-11 09:37:18.307', '14', 2, 2, 0, 0, NULL, 1)
INSERT dbo.movimientos(id, codigo, almacen, concepto, fechahora, referencia, clieprov, cantidad, precio, costo, existenciah, signo) VALUES (18, 'PROD01', 2, 1, '2021-07-11 18:13:51.283', '6', 2, 2, 0, 0, 4, -1)
INSERT dbo.movimientos(id, codigo, almacen, concepto, fechahora, referencia, clieprov, cantidad, precio, costo, existenciah, signo) VALUES (19, 'PROD01', 2, 1, '2021-07-11 18:14:59.977', '7', 2, 2, 0, 0, 2, -1)
INSERT dbo.movimientos(id, codigo, almacen, concepto, fechahora, referencia, clieprov, cantidad, precio, costo, existenciah, signo) VALUES (20, 'PROD01', 2, 1, '2021-07-11 18:15:27.703', '8', 2, 2, 0, 0, 0, -1)
INSERT dbo.movimientos(id, codigo, almacen, concepto, fechahora, referencia, clieprov, cantidad, precio, costo, existenciah, signo) VALUES (21, 'PROD01', 2, 1, '2021-07-11 18:18:21.973', '15', 2, 199, 0, 0, 199, 1)
INSERT dbo.movimientos(id, codigo, almacen, concepto, fechahora, referencia, clieprov, cantidad, precio, costo, existenciah, signo) VALUES (22, 'PROD03', 1, 1, '2021-07-11 18:48:11.260', '16', 2, 150, 0, 0, 150, 1)
INSERT dbo.movimientos(id, codigo, almacen, concepto, fechahora, referencia, clieprov, cantidad, precio, costo, existenciah, signo) VALUES (23, 'PROD03', 1, 1, '2021-07-11 18:49:48.683', '17', 2, 1120, 0, 0, 1270, 1)
GO
SET IDENTITY_INSERT dbo.movimientos OFF
GO
-- 
-- Dumping data for table multialmacenes
--
PRINT (N'Dumping data for table multialmacenes')
INSERT dbo.multialmacenes VALUES ('PROD01', 1, 2, 0, 0, 1)
INSERT dbo.multialmacenes VALUES ('PROD01', 2, 199, 0, 0, 1)
INSERT dbo.multialmacenes VALUES ('PROD01', 3, 0, 0, 0, 1)
INSERT dbo.multialmacenes VALUES ('PROD02', 1, 2, 0, 0, 1)
INSERT dbo.multialmacenes VALUES ('PROD02', 2, 6, 0, 0, 1)
INSERT dbo.multialmacenes VALUES ('PROD02', 3, 0, 0, 0, 1)
INSERT dbo.multialmacenes VALUES ('PROD03', 1, 1270, 0, 0, 1)
GO
-- 
-- Dumping data for table productos
--
PRINT (N'Dumping data for table productos')
INSERT dbo.productos VALUES ('PROD01', 'XIAMI MI 8 LITE', 'smtph', '', 12.5, 1, '', '', 0, 0, NULL, 0)
INSERT dbo.productos VALUES ('PROD02', 'HUAWEI P7Y LITE', 'smtph', '', 16.8, 1, '', '', 0, 0, NULL, 0)
INSERT dbo.productos VALUES ('PROD03', 'MARIO BROS FIGURA ACCION', 'nintd', '', 100, 1, 'NINTENDO', 'ACCION', 1270, 1120, '2021-07-11 18:49:48.683', 0)
GO
-- 
-- Dumping data for table proveedores
--
PRINT (N'Dumping data for table proveedores')
SET IDENTITY_INSERT dbo.proveedores ON
GO
INSERT dbo.proveedores(id, nit, nombre, direccion, telefono, saldo, status) VALUES (1, 'CF', 'Distribuidora del Sur S.A.', 'ciudad', '', 0, '1')
INSERT dbo.proveedores(id, nit, nombre, direccion, telefono, saldo, status) VALUES (2, 'CF', 'Comercial Andrea', 'ciudad', '', 0, '1')
INSERT dbo.proveedores(id, nit, nombre, direccion, telefono, saldo, status) VALUES (3, '37255436', 'Carlos Cordova', 'ciudad', '', 0, '1')
GO
SET IDENTITY_INSERT dbo.proveedores OFF
GO
-- 
-- Dumping data for table ventas
--
PRINT (N'Dumping data for table ventas')
SET IDENTITY_INSERT dbo.ventas ON
GO
INSERT dbo.ventas(id, fecha, clie, almacen, nit, status, referencia, total, impuesto, descuento) VALUES (2, '2012-04-21 17:25:43.000', 1, 1, NULL, 'O', NULL, 0, 0, 0)
INSERT dbo.ventas(id, fecha, clie, almacen, nit, status, referencia, total, impuesto, descuento) VALUES (3, '2012-04-21 17:25:43.000', 1, 1, NULL, 'O', NULL, 0, 0, 0)
INSERT dbo.ventas(id, fecha, clie, almacen, nit, status, referencia, total, impuesto, descuento) VALUES (4, '2012-04-21 17:25:43.000', 1, 1, NULL, 'O', NULL, 0, 0, 0)
INSERT dbo.ventas(id, fecha, clie, almacen, nit, status, referencia, total, impuesto, descuento) VALUES (5, '2012-04-21 17:25:43.000', 2, 2, NULL, 'O', NULL, 0, 0, 0)
INSERT dbo.ventas(id, fecha, clie, almacen, nit, status, referencia, total, impuesto, descuento) VALUES (6, '2012-04-21 17:25:43.000', 2, 2, NULL, 'O', NULL, 0, 0, 0)
INSERT dbo.ventas(id, fecha, clie, almacen, nit, status, referencia, total, impuesto, descuento) VALUES (7, '2012-04-21 17:25:43.000', 2, 2, NULL, 'O', NULL, 0, 0, 0)
INSERT dbo.ventas(id, fecha, clie, almacen, nit, status, referencia, total, impuesto, descuento) VALUES (8, '2012-04-21 17:25:43.000', 2, 2, NULL, 'O', NULL, 0, 0, 0)
GO
SET IDENTITY_INSERT dbo.ventas OFF
GO
-- 
-- Dumping data for table ventasdet
--
PRINT (N'Dumping data for table ventasdet')
SET IDENTITY_INSERT dbo.ventasdet ON
GO
INSERT dbo.ventasdet(id, idv, partida, codigo, cantidad, precio, costo, impuesto, descuento, totalpart, almacen) VALUES (1, 4, 1, 'PROD01', 2, 0, 0, 0, NULL, 0, 1)
INSERT dbo.ventasdet(id, idv, partida, codigo, cantidad, precio, costo, impuesto, descuento, totalpart, almacen) VALUES (2, 5, 1, 'PROD01', 2, 0, 0, 0, NULL, 0, 2)
INSERT dbo.ventasdet(id, idv, partida, codigo, cantidad, precio, costo, impuesto, descuento, totalpart, almacen) VALUES (3, 6, 1, 'PROD01', 2, 0, 0, 0, NULL, 0, 2)
INSERT dbo.ventasdet(id, idv, partida, codigo, cantidad, precio, costo, impuesto, descuento, totalpart, almacen) VALUES (4, 7, 1, 'PROD01', 2, 0, 0, 0, NULL, 0, 2)
INSERT dbo.ventasdet(id, idv, partida, codigo, cantidad, precio, costo, impuesto, descuento, totalpart, almacen) VALUES (5, 8, 1, 'PROD01', 2, 0, 0, 0, NULL, 0, 2)
GO
SET IDENTITY_INSERT dbo.ventasdet OFF
GO

USE RENOEDB
GO

IF DB_NAME() <> N'RENOEDB' SET NOEXEC ON
GO

--
-- Create foreign key [FK_multialmacenes_almacen] on table [dbo].[multialmacenes]
--
PRINT (N'Create foreign key [FK_multialmacenes_almacen] on table [dbo].[multialmacenes]')
GO
ALTER TABLE dbo.multialmacenes
  ADD CONSTRAINT FK_multialmacenes_almacen FOREIGN KEY (almacen) REFERENCES dbo.almacenes (almacen)
GO
SET NOEXEC OFF
GO